customer_id,customer_name,gender,age
1,Leanna Busson,Female,30
2,Zabrina Harrowsmith,Intersex,69
3,Shina Dullaghan,Intersex,59
4,Hewet McVitie,Intersex,67
5,Rubia Ashleigh,Intersex,30
6,Cordey Tolcher,Intersex,40
7,Winslow Ewbanck,Intersex,76
8,Marlowe Wynn,Intersex,75
9,Brittaney Gontier,Male,51
10,Susanetta Wilshin,Intersex,70
11,Michaeline McIndrew,Intersex,39
12,Fedora Dmych,Intersex,78
13,Marabel Swinfon,Male,42
14,Chrissie Wackly,Intersex,36
15,Avril Rossiter,Intersex,34
16,Gabbie Aldwinckle,Male,75
17,Devonna Cutting,Intersex,32
18,Chan Duchesne,Male,79
19,Chadwick Cruddas,Intersex,41
20,Gigi Kalaher,Intersex,55
21,Seana Hearons,Intersex,31
22,Blayne Sabatier,Intersex,20
23,Alair Grimwad,Female,32
24,Rici Fogden,Intersex,49
25,Ernaline Luce,Intersex,75
26,Timothy Compston,Intersex,50
27,Jayme Turvie,Intersex,55
28,Hadley Baddam,Intersex,79
29,Tyrus Pitkaithly,Male,20
30,Bernice Grindle,Female,38
31,Tammara Dionisetti,Intersex,36
32,Devlin Labet,Intersex,32
33,Luca Hantusch,Male,44
34,Ninon Corteney,Intersex,55
35,Adamo Saddington,Male,80
36,Xever Giacomelli,Intersex,27
37,Zulema Teml,Male,75
38,Joly Hagley,Male,34
39,Legra Neaverson,Intersex,80
40,Regan Gronaller,Intersex,59
41,Hana Stitch,Male,65
42,Horatius Genever,Intersex,37
43,Rodie Klaiser,Intersex,34
44,Avivah Chipchase,Intersex,60
45,Vicki Stockwell,Male,27
46,Meris Twitty,Intersex,68
47,Jarrett Brumby,Intersex,54
48,Ronnie Shiril,Male,79
49,Shanna Pietrzyk,Female,56
50,Moore Oolahan,Intersex,63
51,Kayley Brosoli,Intersex,52
52,Marena Lockhart,Male,47
53,Reinhold Gooble,Male,51
54,Tore Caras,Intersex,62
55,Giles Kyne,Intersex,45
56,Vinny Niland,Intersex,33
57,Anne-corinne Enrich,Male,65
58,Aurie Margett,Intersex,39
59,Martita Quakley,Male,58
60,Hyacinth Pepper,Intersex,20
61,Lin Avraam,Intersex,65
62,Denice Ledrane,Intersex,32
63,Kleon Trobey,Intersex,78
64,Annabella Devote,Intersex,75
65,Bertine Puddefoot,Female,64
66,Vasili Shearston,Intersex,34
67,Reta Jefferies,Male,59
68,Willa Gaisford,Female,23
69,Tiphany Peacop,Intersex,79
70,Dulcea Shrawley,Female,48
71,Tana Pawley,Intersex,63
72,Marinna Heal,Intersex,42
73,Jehanna Water,Intersex,48
74,Tracy Ebenezer,Intersex,79
75,Katinka Currier,Intersex,75
76,Chandra Carine,Intersex,51
77,Angela Kester,Male,62
78,Jethro Pollak,Intersex,38
79,Persis Spiteri,Intersex,46
80,Opal Bermingham,Intersex,65
81,Lanny Wardale,Female,30
82,Laina Baudains,Intersex,53
83,Kayne Fraczkiewicz,Intersex,40
84,Minta Loble,Female,63
85,Cornie Virr,Intersex,27
86,Corinna Maystone,Intersex,76
87,Barbara-anne Salerg,Intersex,53
88,Kendall Jakubski,Male,78
89,Matthiew Hinckes,Female,51
90,Warner Chevin,Intersex,40
91,Keen Murrhaupt,Intersex,72
92,Hillary Guiness,Intersex,27
93,Law Foker,Intersex,66
94,Otha Skein,Intersex,46
95,Pierre Rockwill,Intersex,33
96,Garvy Davioud,Intersex,41
97,Dean McLarty,Female,39
98,Kenyon Lemerle,Female,78
99,Benji Vineall,Intersex,75
100,Wilhelm Blaber,Intersex,69
101,Gerard Gilkison,Male,38
102,Hurleigh Sieb,Intersex,32
103,Monica Teodorski,Intersex,77
104,Nanny Franey,Intersex,73
105,Madelin Matityahu,Male,71
106,Rachel Colebrook,Intersex,38
107,Sandy Yushachkov,Intersex,35
108,Merrill Care,Intersex,57
109,Karoly Wadge,Intersex,72
110,Giralda Trewin,Intersex,65
111,Eada Viccary,Female,52
112,Hadlee Douthwaite,Female,42
113,Hew Cardinal,Intersex,57
114,Cecile Jayume,Intersex,30
115,Adair Ruddoch,Intersex,28
116,Erik Osgar,Intersex,35
117,Alexei Hurburt,Female,75
118,Meghan Simic,Male,57
119,Margeaux Getley,Intersex,65
120,Didi Garton,Intersex,60
121,Nollie Yorath,Intersex,26
122,Katey Dubbin,Intersex,71
123,Yardley Dreamer,Female,22
124,Pate De Ambrosis,Intersex,54
125,Lesli Pitfield,Intersex,77
126,Hashim Banes,Intersex,48
127,Merl Gayforth,Intersex,30
128,Daisy Camillo,Male,48
129,Beatrisa Winterscale,Intersex,68
130,Jeniece Dumbare,Intersex,71
131,Stephanus Torbett,Female,33
132,Christian Simko,Male,26
133,Bette-ann Harteley,Intersex,49
134,Raul Pockey,Male,64
135,Mycah Rodie,Intersex,25
136,Camala Bradbeer,Intersex,38
137,Fin Betjes,Intersex,29
138,Lorna Srawley,Intersex,62
139,Vida Matchitt,Male,73
140,Frankie Wewell,Intersex,43
141,Jewelle Gatiss,Intersex,25
142,Valerie D'Errico,Intersex,75
143,Hewitt Hanscome,Intersex,80
144,Elaina Agate,Male,60
145,Mirabelle Bampkin,Intersex,43
146,Lawry Mannooch,Intersex,50
147,Mahmud Pumfrett,Male,42
148,Ikey Spohr,Intersex,53
149,Marven Argontt,Intersex,25
150,Biddy Devanney,Male,26
151,Lucie Lyenyng,Intersex,25
152,Panchito Wybern,Female,79
153,Jeramey Kopacek,Intersex,73
154,Ricky Fraser,Intersex,68
155,Myrle Kelby,Male,80
156,Cosmo Leys,Female,24
157,Miguelita Rasp,Female,70
158,Ann-marie Sinden,Intersex,33
159,Marga Longhurst,Intersex,73
160,Christi Reston,Male,26
161,Katalin Tellesson,Intersex,29
162,Ignacius Gardiner,Intersex,33
163,Harrietta Burchatt,Intersex,20
164,Lyda Schneidau,Intersex,54
165,Beau Schwandermann,Male,21
166,Stesha Lusted,Intersex,67
167,Alayne Ipplett,Intersex,34
168,Gwenore Samudio,Intersex,27
169,Wald Kaine,Female,72
170,Melania Murton,Intersex,57
171,Mariellen Medendorp,Intersex,80
172,Gennifer Sharpus,Male,73
173,Mychal Mynett,Intersex,78
174,Iona Middlewick,Male,68
175,Patrica Penny,Intersex,80
176,Curtis McCarroll,Male,45
177,Wake Guard,Intersex,25
178,Gunner Murdie,Intersex,51
179,Leeann Gowdie,Intersex,52
180,Nelli Engall,Intersex,21
181,Puff Newbury,Intersex,27
182,Ricardo James,Male,80
183,Martin O'Mailey,Female,44
184,Holden Whybrow,Intersex,43
185,Darrelle Padson,Intersex,67
186,Neill Steptoe,Intersex,63
187,Trenton Lydiard,Intersex,70
188,Poul Rossi,Intersex,23
189,Deedee Pashe,Intersex,28
190,Jewel Dericut,Intersex,58
191,Isis Doel,Intersex,76
192,Tommy Ebunoluwa,Female,63
193,Harland Hawkeridge,Intersex,77
194,Brennen Breward,Male,61
195,Tobye De Caville,Intersex,72
196,Erroll Michelle,Intersex,25
197,Dorris Simonsson,Intersex,67
198,Yevette Weekes,Intersex,66
199,Clayson Mealing,Intersex,65
200,Melba Badam,Intersex,68
201,Loni Tort,Intersex,58
202,Jewel Roakes,Female,67
203,Angil Crunden,Intersex,30
204,Bird McGarvie,Female,60
205,Elicia Flaunders,Intersex,23
206,Crin Johnikin,Intersex,66
207,Brade Caught,Intersex,56
208,Shaylyn Musla,Intersex,71
209,Lauryn Deport,Female,29
210,Arden Lasselle,Intersex,79
211,Rowena Doe,Intersex,52
212,Evelyn Chevolleau,Intersex,79
213,Karl Ramsell,Intersex,25
214,Whitaker Pashen,Female,55
215,Alida Spitaro,Intersex,57
216,Pattin Carley,Intersex,50
217,Silvan Norcross,Intersex,29
218,Worthington Knapton,Intersex,78
219,Jerald MacMeeking,Male,44
220,Francisca Accum,Intersex,79
221,Araldo Washtell,Intersex,43
222,Ewen Bate,Male,40
223,Saxe Stormonth,Intersex,51
224,Shelbi Impson,Intersex,78
225,Monty Gowen,Intersex,75
226,Neilla Moring,Intersex,73
227,Isaak Ferrarone,Intersex,26
228,Zaria Garken,Female,40
229,Codie Escalero,Female,20
230,Bourke Pembery,Intersex,21
231,Keeley Nassie,Intersex,33
232,Kaitlyn Pinare,Male,24
233,Beverlie Blance,Intersex,33
234,Duncan Walliker,Intersex,37
235,Beck Oldham,Intersex,32
236,Anders Couvert,Intersex,80
237,Cassaundra Sliman,Intersex,71
238,Hilda Peter,Intersex,30
239,Daria Embleton,Intersex,63
240,Brian Finnes,Intersex,25
241,Valentine Marley,Intersex,61
242,Aimee Giorgio,Intersex,28
243,Jo ann Snoden,Female,20
244,Faunie Cooney,Male,38
245,Elva Root,Intersex,36
246,Lucias Forsythe,Intersex,40
247,Atlante McGrotty,Female,57
248,Danica Brunker,Intersex,38
249,Torie Minihan,Intersex,59
250,Lavina Dartnell,Intersex,23
251,Jeanne Pringer,Female,78
252,Franciska Yosevitz,Intersex,44
253,Stewart Heggman,Intersex,48
254,Scot Billany,Male,44
255,Justis Butter,Intersex,29
256,Dulcia Gawthorpe,Intersex,46
257,Trista Aspray,Intersex,61
258,Mira Heinonen,Female,62
259,Bartlet Whiffin,Intersex,78
260,Whitney Scarman,Female,27
261,Bernita Orae,Intersex,61
262,Dasi Kovelmann,Intersex,34
263,Ringo Sollars,Intersex,22
264,Vite Durrant,Male,40
265,Ianthe Magowan,Male,52
266,Sheff Ruoss,Intersex,55
267,Lionel Mansel,Intersex,45
268,Muire Ashtonhurst,Male,47
269,Rutger Hugonnet,Intersex,20
270,Brion Grinaugh,Intersex,47
271,Harri Lotherington,Intersex,30
272,Kendre Etherton,Intersex,22
273,Dag Schiefersten,Intersex,46
274,Crysta Attride,Intersex,60
275,Marthena Oxbury,Female,62
276,Silas Chaman,Intersex,56
277,Kary Melding,Intersex,62
278,Michele Osmant,Intersex,73
279,Hamilton Buck,Intersex,48
280,Skyler Streeton,Intersex,50
281,Karla Teresia,Intersex,24
282,Wren Helgass,Female,59
283,Jaymee Dalrymple,Male,23
284,Rourke Binstead,Intersex,65
285,Ricky Steels,Male,56
286,Gert Brackstone,Intersex,34
287,Teodor Van der Velde,Male,66
288,Matilde Yanuk,Male,24
289,Rafferty Fronek,Intersex,43
290,Alia Rapinett,Male,67
291,Brodie Hedin,Intersex,43
292,Aldin Moline,Male,25
293,Kat Champness,Male,36
294,Flss Jillins,Intersex,30
295,Parker Guiraud,Intersex,49
296,Isis Stonard,Intersex,50
297,Anneliese Pardew,Intersex,22
298,Roobbie Persich,Female,29
299,Anny Midden,Intersex,32
300,Darren Karpenko,Female,24
301,Elga Corgenvin,Intersex,47
302,Warden Windram,Intersex,38
303,De Lourens,Intersex,75
304,Luke Salliere,Intersex,79
305,Meryl Kender,Intersex,25
306,Silas Stephens,Intersex,68
307,Matthew Schneidau,Female,50
308,Zeb Shipton,Intersex,70
309,Ulla Crombie,Intersex,29
310,Sharyl Royl,Intersex,61
311,Constantino Langworthy,Intersex,25
312,Gavra Wheowall,Male,74
313,Courtnay Cornewell,Intersex,24
314,Goddart Glusby,Intersex,56
315,Jeff Curness,Intersex,49
316,Sadella Goodsall,Intersex,67
317,Gates Torrance,Male,48
318,Glyn Tieman,Intersex,63
319,Royall Lowrie,Intersex,49
320,Dani Pinches,Intersex,43
321,Jena Kelling,Female,44
322,Jacynth Stillmann,Intersex,30
323,Ellerey Kaesmakers,Intersex,40
324,Fredrick Cleynman,Intersex,39
325,Robinetta Deners,Intersex,68
326,Meade Yglesia,Intersex,54
327,Lynda Seydlitz,Intersex,71
328,Wadsworth Olivier,Intersex,59
329,Valery Pache,Intersex,53
330,Barclay Kinsella,Male,47
331,Binnie Gonzales,Intersex,32
332,Carla Walework,Male,75
333,Con Pressdee,Intersex,57
334,Udale Ripping,Intersex,68
335,Van Winley,Male,76
336,Julian Sponer,Male,35
337,Milton Otson,Intersex,78
338,Eve Stutard,Female,75
339,Haslett Nodes,Intersex,59
340,Jarrid Coston,Intersex,24
341,Cherlyn Asmus,Female,34
342,Tymothy Linsay,Intersex,45
343,Violet Alwen,Intersex,47
344,Archaimbaud Barnewelle,Intersex,68
345,Merrielle Piken,Intersex,62
346,Kerianne Parris,Intersex,40
347,Lyn Bouts,Female,20
348,Thorny Nornable,Intersex,76
349,Ronda Badby,Intersex,34
350,Dani Hawtin,Intersex,23
351,Alfonso Locket,Intersex,23
352,Justin Marden,Intersex,31
353,Lurette McKay,Male,22
354,Sula Shepherd,Intersex,57
355,Sherwynd Klimkov,Intersex,36
356,Gerianne Burree,Female,23
357,Crawford Bolden,Intersex,41
358,Jermaine Goranov,Intersex,64
359,Augustin Brandenberg,Intersex,28
360,Iain Fellnee,Male,68
361,Drucy Ham,Intersex,64
362,Persis Linch,Intersex,39
363,Gay MacNeice,Female,47
364,Konstantin Kuhlmey,Intersex,28
365,Tammie Gavrielli,Intersex,25
366,Geraldine Naulty,Intersex,64
367,Hildagarde Dell 'Orto,Intersex,51
368,Mady Greenleaf,Intersex,61
369,Ephrem Hambers,Female,46
370,Hildegarde Bamlett,Intersex,38
371,Etan Peirazzi,Intersex,63
372,Griffy Wenger,Intersex,53
373,Annabella Jocic,Intersex,44
374,Sigfried Oglesbee,Intersex,24
375,Ninetta Phizakarley,Intersex,77
376,Korie Iglesiaz,Intersex,30
377,Alanson Colton,Female,72
378,Andy McPhillimey,Intersex,48
379,Lilah Mabe,Intersex,76
380,Gratiana Theurer,Intersex,65
381,Tait Else,Intersex,20
382,Emanuele Deesly,Intersex,24
383,Nathanil Runchman,Intersex,23
384,Chiarra Vaneev,Intersex,37
385,Kelsey Bend,Female,55
386,Cleon Emmatt,Intersex,29
387,Alameda Fincke,Male,43
388,Dame Popov,Intersex,38
389,Caroljean Elstob,Intersex,41
390,Bee Mazonowicz,Intersex,36
391,Reed Churchlow,Male,75
392,Svend Griffey,Intersex,26
393,Anni Heinsius,Intersex,34
394,Eba Bauser,Intersex,26
395,Mordecai Westberg,Intersex,70
396,Sunny Bisgrove,Intersex,32
397,Collie Jakel,Female,50
398,Damiano Leyborne,Intersex,50
399,Ailene McKeller,Intersex,46
400,Bernarr Pote,Intersex,62
401,Waylen Swallwell,Intersex,73
402,Zak Titterton,Intersex,22
403,Kimberli Canavan,Intersex,78
404,Teddy Gell,Intersex,79
405,Alfonse Shills,Male,78
406,Paige Uebel,Intersex,59
407,Murdock Bulfit,Male,41
408,Alis MacCulloch,Intersex,66
409,Alphonse Galego,Male,75
410,Harman Finding,Intersex,64
411,Theobald Klazenga,Intersex,52
412,Chandal Fransinelli,Intersex,21
413,Alexis Maps,Intersex,25
414,Ansel Chittem,Intersex,51
415,Ashley Gant,Intersex,40
416,Leonore Yakunikov,Intersex,21
417,Bay Kraut,Intersex,57
418,Luelle Fernanando,Intersex,57
419,Chaddie Fawlkes,Male,58
420,Yehudit Coote,Intersex,44
421,Kellyann Stening,Intersex,62
422,Farah Schukert,Intersex,34
423,Datha Vicary,Intersex,32
424,Katherine Sewter,Intersex,80
425,Saleem Isac,Intersex,38
426,Augusto Ackrill,Intersex,40
427,Tomaso Mullin,Intersex,25
428,Jammal Varcoe,Intersex,66
429,Lucille Carwithim,Intersex,48
430,Khalil Duffil,Female,56
431,Ronni Gruszczak,Intersex,41
432,Ettie Gonnely,Intersex,34
433,Candis Roswarne,Intersex,46
434,Marci Borrett,Intersex,20
435,Aldridge Tesh,Intersex,41
436,Meredith Canniffe,Intersex,41
437,Fifine Baron,Intersex,23
438,Atlante Cure,Intersex,80
439,Daren Airs,Female,75
440,Terri Ivanaev,Intersex,64
441,Artemas Vasilischev,Intersex,53
442,Hobie Anfusso,Intersex,26
443,Melodee Spencley,Intersex,49
444,Sara Gelder,Intersex,79
445,Margret Yeabsley,Intersex,44
446,Benny Songist,Intersex,47
447,Shena Solomonides,Intersex,68
448,Ashely Inmett,Intersex,61
449,Cherey Instone,Male,74
450,Devonne Martinetto,Intersex,59
451,Mallory Dillinton,Intersex,21
452,Toddie Snow,Intersex,27
453,Guthry Ure,Intersex,35
454,Abey Bampforth,Intersex,28
455,Wash Kyneton,Intersex,60
456,Joelynn Remington,Intersex,33
457,North Diamond,Male,27
458,Romy Cuberley,Intersex,42
459,Maybelle Houchen,Intersex,62
460,Frederich Duigenan,Intersex,31
461,Alina Strotton,Female,54
462,Francklyn Willeman,Intersex,45
463,Iago Jedrzaszkiewicz,Intersex,58
464,Abbot Rickaert,Intersex,64
465,Mallory Castellani,Female,38
466,Vinnie Feaver,Male,28
467,Cacilie Forrestill,Intersex,53
468,Maegan Ashton,Intersex,67
469,Faber Purcell,Female,78
470,Trudey Betteridge,Intersex,45
471,Hayyim Trewhella,Intersex,31
472,Hal Saker,Male,57
473,Lori Briars,Male,61
474,Clem Margetts,Intersex,21
475,Caroljean Hukins,Male,61
476,Orton Heigl,Intersex,64
477,Cornell Spurrett,Intersex,32
478,Krystle Boyce,Intersex,71
479,Dunc Swynley,Intersex,20
480,Dugald Aubri,Intersex,50
481,Laurent St. Paul,Female,51
482,Stanley Kolakowski,Intersex,63
483,Cristiano Downing,Female,35
484,Padraig Jouannisson,Female,43
485,Gayleen Brookes,Male,46
486,Alexis Cheake,Intersex,66
487,Nehemiah Yurenin,Male,21
488,Mariellen Wheelband,Intersex,45
489,Isahella Enrique,Intersex,59
490,Bank Sargeaunt,Male,57
491,Devy Jowle,Intersex,31
492,Jolee Stailey,Intersex,62
493,Andrew Renn,Intersex,63
494,Wanids Jarmain,Female,51
495,Darci Barten,Male,80
496,John Panchen,Intersex,32
497,Claudio Archibould,Intersex,31
498,Park Robberecht,Male,31
499,Henrietta Briatt,Intersex,24
500,Carlen Kelway,Intersex,78
501,Archibaldo Taffurelli,Intersex,73
502,Neilla Halladey,Male,34
503,Vinni Itzkovich,Male,68
504,Marilyn Rontree,Intersex,56
505,Chuck Bernini,Intersex,63
506,Eddie Elcott,Intersex,37
507,Brooks Sayers,Intersex,74
508,Jan Isenor,Intersex,65
509,Anderson Bridywater,Intersex,63
510,Kinny Roget,Intersex,67
511,Preston Nehlsen,Intersex,63
512,Haydon Burnyeat,Intersex,75
513,Corri Womack,Intersex,39
514,Gui Bowgen,Intersex,45
515,Joannes Pandie,Female,52
516,Malcolm Paal,Intersex,69
517,Ingmar Softley,Female,61
518,Margalo Cousen,Intersex,31
519,Dedra Traite,Intersex,28
520,Manny Fochs,Intersex,76
521,Maxy Easthope,Intersex,41
522,Ailina Kynan,Intersex,71
523,Grissel Harteley,Intersex,22
524,Beverlie Bansal,Intersex,80
525,Melisse Hopfer,Intersex,28
526,Ellyn Collacombe,Male,73
527,Imogen Barritt,Intersex,31
528,Cad Dominichetti,Intersex,63
529,Heda Sheard,Intersex,32
530,Leroi Weal,Intersex,63
531,Onfre Main,Intersex,55
532,Maiga Jeffcoate,Intersex,32
533,Ruby Extal,Intersex,21
534,Fanchette Polak,Female,54
535,Kerry Luto,Intersex,56
536,Kayley Shankster,Intersex,32
537,Beverly Burbridge,Intersex,45
538,Gabbi Champkins,Intersex,27
539,Sonny Tremollet,Male,78
540,Maude McCaig,Intersex,75
541,Shari Rotte,Intersex,73
542,Cass Murrell,Intersex,76
543,Birgitta Mantz,Intersex,50
544,Reilly Jime,Female,30
545,Jakob Munks,Intersex,59
546,Dniren Borrows,Intersex,47
547,Kellen Buttriss,Female,69
548,Nicky Giuron,Intersex,57
549,Barclay Beswick,Male,50
550,Marna Lammerts,Male,22
551,Theodor Skipton,Intersex,68
552,Carlyle Slides,Intersex,71
553,Niels Loadsman,Intersex,30
554,Lisetta Griffin,Intersex,56
555,Kalil Thal,Intersex,77
556,Nessy Kildea,Intersex,61
557,Kyle Lowbridge,Intersex,59
558,Lizette Lindro,Intersex,38
559,Florella Cowup,Intersex,67
560,Ritchie Cromly,Intersex,79
561,Beverlee Pimlott,Intersex,34
562,Joy Mirrlees,Intersex,58
563,Frans Crebbin,Intersex,53
564,Shoshana Redsell,Intersex,34
565,Hoebart Edger,Intersex,73
566,Melissa Partkya,Male,23
567,Andi Kettleson,Female,39
568,Gallard Mangan,Intersex,64
569,Emyle Camoletto,Intersex,61
570,Henryetta Sheffield,Intersex,35
571,Kristofor Roos,Intersex,22
572,Raquela Swinnard,Intersex,27
573,Atlante Dissman,Male,37
574,Ranna Paolillo,Intersex,53
575,Rickey Britt,Intersex,64
576,Braden Stephens,Female,24
577,Hillier Seward,Intersex,32
578,Riordan Goreway,Intersex,75
579,Welch Cape,Female,45
580,Tirrell Webber,Male,25
581,Fabian Gostage,Intersex,40
582,Amberly Seckington,Female,65
583,Prissie Dumelow,Intersex,52
584,Page Nise,Intersex,76
585,Alicea Momford,Intersex,23
586,Wenona Stuck,Intersex,34
587,Carmita Grundey,Intersex,35
588,Nicole Cheel,Intersex,48
589,Calhoun Raphael,Intersex,57
590,Prentiss Stroder,Intersex,31
591,Danny Brabham,Intersex,30
592,Salomo Shuttell,Intersex,64
593,Dorotea Markl,Intersex,22
594,Feliks Loren,Male,44
595,Thomasine Baudet,Female,60
596,Rowan Medford,Intersex,68
597,Hi Simenel,Intersex,80
598,Leupold Baake,Intersex,65
599,Onfroi Axten,Male,43
600,George Ghion,Male,50
601,Sol Adhams,Male,55
602,Kip Cantwell,Intersex,54
603,Tabbi Carden,Intersex,50
604,Doralia Nyssens,Intersex,75
605,Stanleigh Hazelton,Female,25
606,Averyl Atthow,Intersex,53
607,Angie O Mullen,Male,42
608,Lotte Jaouen,Intersex,32
609,Vin Rubenovic,Intersex,61
610,Sadye Pes,Intersex,31
611,Conny Chowne,Female,67
612,Leann Kittow,Female,35
613,Melamie Craigmyle,Intersex,78
614,Sherwynd Batsford,Intersex,45
615,Jacquelin Santostefano.,Intersex,42
616,Natal Burnsides,Male,68
617,Kaine Greep,Intersex,72
618,Ashlan Hebden,Intersex,27
619,Vernon Bindley,Intersex,60
620,Phillipe Gatecliffe,Male,35
621,Krysta Chaster,Intersex,32
622,Clem Sink,Intersex,35
623,Hort Ridding,Intersex,57
624,Angelia Lasseter,Intersex,46
625,Zorina Rabl,Intersex,31
626,Tann Scothron,Intersex,64
627,Codie Everly,Intersex,51
628,Frayda Simonini,Intersex,75
629,Sigismundo Basek,Male,53
630,Nicholle Coom,Male,49
631,Wanids Cudby,Female,49
632,Darby Jeffries,Intersex,55
633,Daniel Najafian,Male,50
634,Channa Powley,Intersex,70
635,Harry Mullany,Male,59
636,Nara Legerwood,Male,24
637,Morie Woodfield,Intersex,58
638,Olympia Stobbs,Female,23
639,Tobin Jeffryes,Intersex,40
640,Uriel Cottingham,Intersex,49
641,Zebulon Rousel,Intersex,62
642,Beverley Yourell,Intersex,79
643,Pietro Duling,Female,36
644,Ashlie Godwyn,Intersex,46
645,Tamarah Costley,Female,75
646,Staffard Ouldred,Intersex,49
647,Malory Emmison,Male,51
648,Jaquelyn Dow,Intersex,38
649,Willey Tolley,Intersex,74
650,Hamlen Jeannon,Intersex,68
651,Beckie Nasey,Intersex,61
652,Roley Cassedy,Male,63
653,Pieter Bruton,Intersex,21
654,Gareth Bindon,Female,42
655,Jillene Goodbanne,Intersex,77
656,Nils MacVean,Intersex,54
657,Orran Skip,Male,25
658,Powell Ivakhnov,Intersex,70
659,Ira Dafforne,Intersex,57
660,Slade Villaret,Intersex,47
661,Engracia Abilowitz,Male,45
662,Nerita Peotz,Female,58
663,Audra Barnewelle,Intersex,71
664,Dannie Fidler,Intersex,32
665,Jedidiah Sydall,Intersex,61
666,Maggee Le Houx,Intersex,72
667,Annice Kelcey,Intersex,30
668,Dominic Caswall,Male,61
669,Bobbi Pickerill,Intersex,68
670,Charlton Shilling,Female,49
671,Lucian Maymand,Intersex,53
672,Levy Zappel,Intersex,59
673,Carlynn McCabe,Male,59
674,Marthena Matterson,Intersex,36
675,Elsi Strawbridge,Intersex,20
676,Haslett Edwins,Intersex,59
677,Nady Buston,Female,33
678,Dare Andrich,Intersex,79
679,Osgood Percifer,Intersex,76
680,Camellia Heatherington,Intersex,78
681,Shermy Mulbry,Intersex,79
682,Alon Abramsky,Intersex,27
683,Esteban Hensmans,Intersex,45
684,Camala Llywarch,Intersex,78
685,Leelah Mapston,Intersex,46
686,Elbertina Gaish,Intersex,22
687,Amalia Eallis,Intersex,22
688,Margeaux Woodburne,Intersex,40
689,Ransell MacKilroe,Intersex,62
690,Arlie Bowman,Intersex,34
691,Silvie Bortol,Intersex,73
692,Perceval Umbers,Intersex,20
693,Hetti Fibbens,Intersex,45
694,Grace Budgeon,Intersex,55
695,Carlota Sparshott,Intersex,48
696,Miner Craddock,Intersex,38
697,Antonia Yeardsley,Intersex,51
698,Cary Boaler,Intersex,27
699,Arlan Maffini,Intersex,79
700,Marianne Tollow,Intersex,64
701,Bennett Castellanos,Intersex,67
702,Magda Dring,Intersex,80
703,Diann Grieger,Intersex,26
704,Willie Leader,Intersex,21
705,Darill Gromley,Intersex,60
706,Stephen MacAleese,Intersex,43
707,Fremont Tewnion,Intersex,69
708,Debee Lording,Intersex,51
709,Lilli Bavester,Intersex,65
710,Avivah Roddick,Male,60
711,Lin Norville,Male,42
712,Elna Brimicombe,Intersex,71
713,Joey Duffield,Intersex,71
714,Marnie Dennington,Female,50
715,Lindsey McCuthais,Intersex,61
716,Cassandry Cuniffe,Intersex,41
717,Mellisent Druhan,Intersex,20
718,Kirbee Hardesty,Male,23
719,Dori Sarney,Male,31
720,Theodoric McMennum,Intersex,40
721,Jeane Witherington,Intersex,25
722,Rebekah Sailer,Intersex,53
723,Drusi Eagell,Intersex,34
724,Etheline Bahde,Female,66
725,Bucky Cragell,Intersex,23
726,Rey Grasner,Intersex,27
727,Herschel Verdey,Female,26
728,Kellie Curbishley,Intersex,51
729,Gerri McCarle,Female,54
730,Rutger Willison,Male,73
731,Olimpia Tankus,Intersex,39
732,Gorden Seago,Intersex,80
733,Otto Matyasik,Intersex,67
734,Vivien Beatson,Male,77
735,Valentino Branney,Intersex,46
736,Delia Mably,Female,55
737,Zebulen Zannotti,Intersex,60
738,Lilyan Pirt,Intersex,55
739,Kristel Klaaassen,Female,57
740,Meryl Neeson,Intersex,73
741,Manuel Edis,Female,60
742,Selestina Dauber,Intersex,44
743,Demetris Kamall,Intersex,57
744,Timmy Bullivent,Male,79
745,Lindy Saltrese,Intersex,31
746,Dennie Lawson,Female,32
747,Cristen Hagley,Intersex,25
748,Grange Loding,Female,77
749,Devina Squirrel,Intersex,27
750,Mirabelle Vaney,Intersex,42
751,Iorgos Sinisbury,Intersex,39
752,Odelia Juszkiewicz,Intersex,42
753,Mufi Sagerson,Intersex,48
754,Ninnetta Lammin,Intersex,74
755,Herbert Rock,Female,79
756,Galen Sokell,Female,34
757,Taffy Quimby,Intersex,31
758,Mallissa Lawdham,Intersex,44
759,Charmian Wakelin,Female,30
760,Lee Matterson,Intersex,49
761,Jan Gligori,Intersex,52
762,Eloise Ondrusek,Intersex,43
763,Annalise Abramovitch,Intersex,37
764,Brod Phifer,Intersex,32
765,Marni Figiovanni,Intersex,59
766,Allix Langdale,Intersex,66
767,Waylin Gasson,Intersex,37
768,Aida Warsap,Intersex,52
769,Sigmund Bothen,Male,21
770,Thorsten Sowrey,Intersex,50
771,Paul McGavigan,Intersex,74
772,Marlee Edser,Intersex,71
773,Paxon O'Shiel,Intersex,55
774,Ellynn Korba,Intersex,34
775,Edee Wildt,Intersex,56
776,Felice Dumbleton,Intersex,24
777,Danna Burleigh,Female,50
778,Chastity Daniaud,Intersex,20
779,Aimil Rapa,Intersex,20
780,Cinda Alleyne,Intersex,55
781,Denny Parlour,Intersex,36
782,Ansell Fudge,Intersex,39
783,Gusty Smallacombe,Female,49
784,Susy De Meyer,Male,76
785,Jillana Blankau,Intersex,54
786,Lorine McLugish,Intersex,23
787,Sharl Izzett,Female,31
788,Gwenette Kahen,Male,71
789,Bone Perche,Intersex,36
790,Drake Ivanilov,Intersex,67
791,Jojo Toffanini,Intersex,34
792,Thomasa Antunez,Intersex,56
793,Tressa Cunnane,Intersex,70
794,Elizabet Pippin,Intersex,72
795,Berri O' Clovan,Intersex,49
796,Perry McAless,Intersex,26
797,Rachelle Jelf,Female,32
798,Adrianna Slack,Intersex,56
799,Gibbie Beardall,Intersex,67
800,Katusha Ceney,Intersex,49
801,Morgana Weymouth,Female,64
802,Amaleta Beange,Female,72
803,Gertrude Harriott,Intersex,68
804,Catlin Schurcke,Intersex,58
805,Kilian Chinn,Intersex,59
806,Lonna Domange,Male,79
807,Dena Banbrick,Intersex,26
808,Marvin Van Hault,Intersex,35
809,Winn Siemandl,Intersex,76
810,Charles Duffitt,Intersex,21
811,Matti Anespie,Intersex,72
812,Else Bicheno,Male,28
813,Saul Franklyn,Male,62
814,Delilah Westmerland,Intersex,46
815,Moises Gauler,Female,34
816,Edithe Yitshak,Intersex,23
817,Joella Tiddeman,Intersex,45
818,Nathaniel McCandless,Intersex,59
819,Pauly Matz,Intersex,56
820,Normy Anlay,Male,26
821,Errol Berkley,Intersex,74
822,Zena McKeown,Intersex,59
823,Lennie Carabine,Intersex,41
824,Andonis Renfree,Intersex,45
825,Judith Plimmer,Male,46
826,Bridgette Ashman,Intersex,55
827,Eryn Harcus,Intersex,37
828,Tucky Kitchaside,Female,57
829,Marget Kells,Intersex,39
830,Gertrudis Pergens,Male,46
831,Bancroft Mollatt,Male,30
832,Shay Beentjes,Intersex,37
833,Hilliard Papes,Intersex,27
834,Glenn Keri,Intersex,61
835,Randell Shorte,Intersex,25
836,Nixie Fraczak,Intersex,29
837,Zerk Sandercroft,Intersex,53
838,Russell Hinkens,Intersex,44
839,Gaylene Lazare,Female,20
840,Ellene Dedam,Intersex,25
841,Rorie Hof,Intersex,23
842,Millicent Stedson,Intersex,70
843,Sheela Dovey,Intersex,23
844,Lorelle Lancastle,Intersex,63
845,Zachariah Celle,Intersex,53
846,Isidore Bleasdille,Intersex,72
847,Rowena Soall,Intersex,61
848,Niccolo Saurat,Male,38
849,Gina Pollen,Male,29
850,Darn McAster,Male,55
851,Worthy Pardoe,Intersex,71
852,Lucas Cromly,Intersex,67
853,Brenden Roast,Intersex,54
854,Lisle Worthing,Female,74
855,Belita Hainey,Intersex,55
856,Noellyn Crellim,Intersex,34
857,Dianemarie Neicho,Intersex,27
858,Karrah Byrd,Intersex,59
859,Shay Casari,Intersex,38
860,Elise Gietz,Intersex,66
861,Bartie Sinson,Intersex,44
862,Mellisa de Courcey,Female,63
863,Trescha Wheal,Intersex,64
864,Shaina Leonards,Male,45
865,Ondrea Apark,Intersex,44
866,Devan Manginot,Intersex,29
867,Hunfredo Peyto,Intersex,36
868,Berry Rosiello,Intersex,28
869,Vladimir Jandourek,Intersex,26
870,Lorenzo Dutch,Intersex,49
871,Calypso Ellaway,Intersex,48
872,Brendis Blackboro,Intersex,74
873,Cecilla Pigford,Intersex,38
874,Prissie Kondratovich,Intersex,65
875,Norbert Hogbin,Intersex,49
876,Glynda Dodshon,Male,20
877,Humfrid Boshier,Female,35
878,Elianore Syphas,Intersex,54
879,Rodrique Rawcliff,Intersex,45
880,Kimbell Rawsen,Male,41
881,Rose Sheivels,Intersex,74
882,Bartel Clemendet,Intersex,43
883,Noel Siviour,Intersex,43
884,Frederique Hopkins,Intersex,43
885,Daniela Finnes,Intersex,60
886,Emylee Buscher,Intersex,69
887,Killie Wigzell,Male,61
888,Teresita Ayling,Intersex,22
889,Kaitlin Jeanes,Intersex,69
890,Patrizia Timlett,Female,71
891,Vinny Blackstone,Intersex,52
892,Jania Sailes,Intersex,44
893,Angelle Huby,Intersex,57
894,Wadsworth Meeke,Intersex,28
895,Robena Gilbert,Intersex,37
896,Thoma Seaking,Intersex,67
897,Janeta Berni,Male,76
898,Jillian Sauven,Intersex,41
899,Leonerd Vayro,Intersex,42
900,Shelden Tinline,Intersex,22
901,Damiano Morbey,Intersex,59
902,Tuesday Laytham,Intersex,58
903,Leonhard Webland,Male,48
904,Sutherlan Stepto,Intersex,48
905,Lyssa Moreside,Intersex,53
906,Vincent Kiledal,Intersex,74
907,Aindrea Franzetti,Female,43
908,Kakalina Ragge,Intersex,42
909,Patin Circuit,Intersex,62
910,Basilio Tomsett,Intersex,67
911,Ardis Widdop,Male,41
912,Chancey Iacovozzo,Intersex,60
913,Taylor Milley,Intersex,27
914,Emmalee Camin,Intersex,39
915,Glenine Saladine,Male,70
916,Gabriella Nutman,Intersex,24
917,Hadleigh Berzons,Intersex,36
918,Tracie Okey,Intersex,69
919,Belia Hovard,Intersex,64
920,Curcio Kiffin,Intersex,72
921,Cindi McCague,Intersex,73
922,Adena Venn,Intersex,53
923,Mohandis Boyett,Female,54
924,Cherie Fairhead,Female,58
925,Deirdre Burle,Intersex,70
926,Vittorio Rosenstengel,Intersex,68
927,Joby Law,Male,61
928,Hughie Trelease,Intersex,63
929,Reba Crauford,Intersex,68
930,Ardath O'Keeffe,Intersex,66
931,Monah Belin,Intersex,59
932,Barton Pencott,Male,21
933,Lenna Beau,Intersex,36
934,Friedrick Trevaskus,Female,44
935,Pen Andrzejczak,Male,30
936,Mart Naismith,Intersex,77
937,Judy Mesias,Male,70
938,Chev Bramwell,Intersex,21
939,Renaldo Rigmand,Intersex,39
940,Jamesy Rennles,Intersex,46
941,Egon Figliovanni,Female,59
942,Lacee Denyukin,Intersex,45
943,Correy Bacon,Intersex,64
944,Peri Pilsworth,Intersex,36
945,Lorilyn Vittet,Intersex,48
946,Raul Crilly,Intersex,24
947,Dulsea Collet,Intersex,74
948,Annabela Wegenen,Intersex,37
949,Ivan Haill,Intersex,26
950,Eustacia Andreassen,Male,43
951,Cy Sabbins,Male,66
952,Geri Renton,Female,45
953,Berton Kilfeder,Intersex,69
954,Timmie Kelshaw,Intersex,69
955,Dolph Arrow,Intersex,57
956,Camile Haveline,Intersex,20
957,Felic Marrian,Male,75
958,Amelita Witterick,Intersex,58
959,Wallis Harlick,Intersex,57
960,Michaella Venton,Intersex,71
961,Phedra Klinck,Intersex,70
962,Imelda Behneke,Intersex,45
963,Albina Disdel,Intersex,47
964,Barron Pudge,Intersex,30
965,Terri Lunny,Intersex,75
966,Bunni Poundsford,Female,63
967,Sibby Dimitriou,Intersex,58
968,Belvia Lubman,Male,60
969,Ginnie Glasheen,Intersex,77
970,Delcine Pickthorn,Intersex,44
971,Constance Piddington,Intersex,27
972,Mariska Glendining,Intersex,24
973,Lars Stading,Female,60
974,Tally Rubel,Intersex,66
975,Corilla Vicent,Male,43
976,Harmony Castle,Intersex,68
977,Michell Lappine,Intersex,34
978,Roanne Rengger,Intersex,71
979,Cristiano Skurm,Intersex,69
980,Sharleen Langworthy,Intersex,35
981,Darby Aistrop,Intersex,47
982,Kermie Ponnsett,Intersex,63
983,Raddy Youngs,Intersex,26
984,Devin Lindmark,Female,57
985,Porter Gueste,Male,72
986,Theodosia Postins,Intersex,38
987,Grady Wipper,Intersex,70
988,Tommie Benoy,Intersex,35
989,Sauncho Boosey,Intersex,53
990,Sasha Stanman,Intersex,38
991,Cristina Jowling,Intersex,30
992,Meredith Stansfield,Female,39
993,Orella Singyard,Intersex,24
994,Vanna Densham,Female,53
995,Leandra Derks,Intersex,63
996,Elvira Sarfati,Intersex,59
997,Dickie Grushin,Intersex,30
998,Rebecka Fabler,Intersex,32
999,Carita Vynarde,Intersex,30
1000,Mandel Fairbanks,Male,71
